ID	LABEL	PARENT_ID	BREADCRUMB_ARRAY
1	Factual Places		["Factual Places"]
2	Automotive	1	["Automotive"]
3	Car Appraisers	2	["Automotive","Car Appraisers"]
4	Car Dealers and Leasing	2	["Automotive","Car Dealers and Leasing"]
5	Used Cars	4	["Automotive","Car Dealers and Leasing","Used Cars"]
6	Car Parts and Accessories	2	["Automotive","Car Parts and Accessories"]
7	Car Wash and Detail	2	["Automotive","Car Wash and Detail"]
8	Classic and Antique Car	2	["Automotive","Classic and Antique Car"]
9	Maintenance and Repair	2	["Automotive","Maintenance and Repair"]
10	Oil and Lube	9	["Automotive","Maintenance and Repair","Oil and Lube"]
11	Smog Check	9	["Automotive","Maintenance and Repair","Smog Check"]
12	Tires	9	["Automotive","Maintenance and Repair","Tires"]
13	Transmissions	9	["Automotive","Maintenance and Repair","Transmissions"]
14	Motorcycles, Mopeds and Scooters	2	["Automotive","Motorcycles, Mopeds and Scooters"]
15	Repair	14	["Automotive","Motorcycles, Mopeds and Scooters","Repair"]
16	Sales	14	["Automotive","Motorcycles, Mopeds and Scooters","Sales"]
17	RVs and Motor Homes	2	["Automotive","RVs and Motor Homes"]
18	Salvage Yards	2	["Automotive","Salvage Yards"]
19	Towing	2	["Automotive","Towing"]
20	Community and Government	1	["Community and Government"]
21	Animal Shelters and Humane Societies	20	["Community and Government","Animal Shelters and Humane Societies"]
22	Cemeteries	20	["Community and Government","Cemeteries"]
23	Day Care and Preschools	20	["Community and Government","Day Care and Preschools"]
24	Disabled Persons Services	20	["Community and Government","Disabled Persons Services"]
25	Drug and Alcohol Services	20	["Community and Government","Drug and Alcohol Services"]
26	Education	20	["Community and Government","Education"]
27	Adult Education	26	["Community and Government","Education","Adult Education"]
28	Art Lessons and Schools	26	["Community and Government","Education","Art Lessons and Schools"]
29	Colleges and Universities	26	["Community and Government","Education","Colleges and Universities"]
30	Computer Training	26	["Community and Government","Education","Computer Training"]
31	Culinary Lessons and Schools	26	["Community and Government","Education","Culinary Lessons and Schools"]
32	Driving Schools	26	["Community and Government","Education","Driving Schools"]
33	Fraternities and Sororities	26	["Community and Government","Education","Fraternities and Sororities"]
34	Primary and Secondary Schools	26	["Community and Government","Education","Primary and Secondary Schools"]
35	Tutoring and Educational Services	26	["Community and Government","Education","Tutoring and Educational Services"]
36	Vocational Schools	26	["Community and Government","Education","Vocational Schools"]
37	Government Departments and Agencies	20	["Community and Government","Government Departments and Agencies"]
38	Government Lobbyists	20	["Community and Government","Government Lobbyists"]
39	Housing Assistance and Shelters	20	["Community and Government","Housing Assistance and Shelters"]
40	Law Enforcement and Public Safety	20	["Community and Government","Law Enforcement and Public Safety"]
41	Rescue Services	40	["Community and Government","Law Enforcement and Public Safety","Rescue Services"]
42	Fire Stations	40	["Community and Government","Law Enforcement and Public Safety","Fire Stations"]
43	Police Stations	40	["Community and Government","Law Enforcement and Public Safety","Police Stations"]
44	Libraries	20	["Community and Government","Libraries"]
45	Military	20	["Community and Government","Military"]
46	Bases	45	["Community and Government","Military","Bases"]
47	Organizations and Associations	20	["Community and Government","Organizations and Associations"]
48	Charities and Non-Profits	47	["Community and Government","Organizations and Associations","Charities and Non-Profits"]
49	Environmental	47	["Community and Government","Organizations and Associations","Environmental"]
50	Youth Organizations	47	["Community and Government","Organizations and Associations","Youth Organizations"]
51	Post Offices	20	["Community and Government","Post Offices"]
52	Public and Social Services	20	["Community and Government","Public and Social Services"]
53	Religious	20	["Community and Government","Religious"]
54	Buddhist Temples	53	["Community and Government","Religious","Buddhist Temples"]
55	Churches	53	["Community and Government","Religious","Churches"]
56	Hindu Temples	53	["Community and Government","Religious","Hindu Temples"]
57	Mosques	53	["Community and Government","Religious","Mosques"]
58	Synagogues	53	["Community and Government","Religious","Synagogues"]
59	Senior Citizen Services	20	["Community and Government","Senior Citizen Services"]
60	Retirement	59	["Community and Government","Senior Citizen Services","Retirement"]
61	Utility Companies	20	["Community and Government","Utility Companies"]
62	Healthcare	1	["Healthcare"]
63	AIDS Resources	62	["Healthcare","AIDS Resources"]
64	Assisted Living Services	62	["Healthcare","Assisted Living Services"]
65	Caretakers	64	["Healthcare","Assisted Living Services","Caretakers"]
66	Facilities and Nursing Homes	64	["Healthcare","Assisted Living Services","Facilities and Nursing Homes"]
67	Blood Banks and Centers	62	["Healthcare","Blood Banks and Centers"]
68	Chiropractors	62	["Healthcare","Chiropractors"]
69	Dentists	62	["Healthcare","Dentists"]
70	Emergency Services	62	["Healthcare","Emergency Services"]
71	Ambulance	70	["Healthcare","Emergency Services","Ambulance"]
72	Holistic, Alternative and Naturopathic Medicine	62	["Healthcare","Holistic, Alternative and Naturopathic Medicine"]
73	Acupuncture	72	["Healthcare","Holistic, Alternative and Naturopathic Medicine","Acupuncture"]
74	Hospitals, Clinics and Medical Centers	62	["Healthcare","Hospitals, Clinics and Medical Centers"]
75	Medical Supplies and Labs	62	["Healthcare","Medical Supplies and Labs"]
76	Mental Health	62	["Healthcare","Mental Health"]
77	Counseling and Therapy	76	["Healthcare","Mental Health","Counseling and Therapy"]
78	Psychologists	76	["Healthcare","Mental Health","Psychologists"]
79	Nurses	62	["Healthcare","Nurses"]
80	Pharmacies	62	["Healthcare","Pharmacies"]
81	Physical Therapy and Rehabilitation	62	["Healthcare","Physical Therapy and Rehabilitation"]
82	Sports Medicine	81	["Healthcare","Physical Therapy and Rehabilitation","Sports Medicine"]
83	Physicians	62	["Healthcare","Physicians"]
84	Anesthesiologists	83	["Healthcare","Physicians","Anesthesiologists"]
85	Cardiologists	83	["Healthcare","Physicians","Cardiologists"]
86	Dermatologists	83	["Healthcare","Physicians","Dermatologists"]
87	Ear, Nose and Throat	83	["Healthcare","Physicians","Ear, Nose and Throat"]
88	Family Medicine	83	["Healthcare","Physicians","Family Medicine"]
89	Gastroenterologists	83	["Healthcare","Physicians","Gastroenterologists"]
90	General Surgery	83	["Healthcare","Physicians","General Surgery"]
91	Internal Medicine	83	["Healthcare","Physicians","Internal Medicine"]
92	Neurologists	83	["Healthcare","Physicians","Neurologists"]
93	Obstetricians and Gynecologists	83	["Healthcare","Physicians","Obstetricians and Gynecologists"]
94	Oncologists	83	["Healthcare","Physicians","Oncologists"]
95	Ophthalmologists	83	["Healthcare","Physicians","Ophthalmologists"]
96	Orthopedic Surgeons	83	["Healthcare","Physicians","Orthopedic Surgeons"]
97	Pathologists	83	["Healthcare","Physicians","Pathologists"]
98	Pediatricians	83	["Healthcare","Physicians","Pediatricians"]
99	Plastic Surgeons	83	["Healthcare","Physicians","Plastic Surgeons"]
100	Psychiatrists	83	["Healthcare","Physicians","Psychiatrists"]
101	Radiologists	83	["Healthcare","Physicians","Radiologists"]
102	Respiratory	83	["Healthcare","Physicians","Respiratory"]
103	Urologists	83	["Healthcare","Physicians","Urologists"]
104	Podiatrists	62	["Healthcare","Podiatrists"]
105	Pregnancy and Sexual Health	62	["Healthcare","Pregnancy and Sexual Health"]
106	Weight Loss and Nutritionists	62	["Healthcare","Weight Loss and Nutritionists"]
107	Landmarks	1	["Landmarks"]
108	Buildings and Structures	107	["Landmarks","Buildings and Structures"]
109	Gardens	107	["Landmarks","Gardens"]
110	Historic and Protected Sites	107	["Landmarks","Historic and Protected Sites"]
111	Monuments and Memorials	107	["Landmarks","Monuments and Memorials"]
112	Natural	107	["Landmarks","Natural"]
113	Beaches	112	["Landmarks","Natural","Beaches"]
114	Mountains	112	["Landmarks","Natural","Mountains"]
115	Forests	112	["Landmarks","Natural","Forests"]
116	Lakes	112	["Landmarks","Natural","Lakes"]
117	Rivers	112	["Landmarks","Natural","Rivers"]
118	Parks	107	["Landmarks","Parks"]
119	Natural Parks	118	["Landmarks","Parks","Natural Parks"]
120	Picnic Areas	118	["Landmarks","Parks","Picnic Areas"]
121	Playgrounds	118	["Landmarks","Parks","Playgrounds"]
122	Urban Parks	118	["Landmarks","Parks","Urban Parks"]
123	Retail	1	["Retail"]
124	Adult	123	["Retail","Adult"]
125	Antiques	123	["Retail","Antiques"]
126	Arts and Crafts	123	["Retail","Arts and Crafts"]
127	Auctions	123	["Retail","Auctions"]
128	Beauty Products	123	["Retail","Beauty Products"]
129	Bicycles	123	["Retail","Bicycles"]
130	Bookstores	123	["Retail","Bookstores"]
131	Cards and Stationery	123	["Retail","Cards and Stationery"]
132	Children	123	["Retail","Children"]
133	Computers and Electronics	123	["Retail","Computers and Electronics"]
134	Cameras	133	["Retail","Computers and Electronics","Cameras"]
135	Mobile Phones	133	["Retail","Computers and Electronics","Mobile Phones"]
136	Video Games	133	["Retail","Computers and Electronics","Video Games"]
137	Construction Supplies	123	["Retail","Construction Supplies"]
138	Convenience Stores	123	["Retail","Convenience Stores"]
139	Costumes	123	["Retail","Costumes"]
140	Dance and Music	123	["Retail","Dance and Music"]
141	Department Stores	123	["Retail","Department Stores"]
142	Fashion	123	["Retail","Fashion"]
143	Clothing and Accessories	142	["Retail","Fashion","Clothing and Accessories"]
144	Jewelry and Watches	142	["Retail","Fashion","Jewelry and Watches"]
145	Shoes	142	["Retail","Fashion","Shoes"]
146	Swimwear	142	["Retail","Fashion","Swimwear"]
147	Flea Markets	123	["Retail","Flea Markets"]
148	Florists	123	["Retail","Florists"]
149	Food and Beverage	123	["Retail","Food and Beverage"]
150	Beer, Wine and Spirits	149	["Retail","Food and Beverage","Beer, Wine and Spirits"]
151	Candy Stores	149	["Retail","Food and Beverage","Candy Stores"]
152	Cheese	149	["Retail","Food and Beverage","Cheese"]
153	Chocolate	149	["Retail","Food and Beverage","Chocolate"]
154	Farmers' Markets	149	["Retail","Food and Beverage","Farmers' Markets"]
155	Health and Diet Food	149	["Retail","Food and Beverage","Health and Diet Food"]
156	Kosher	149	["Retail","Food and Beverage","Kosher"]
157	Furniture and Decor	123	["Retail","Furniture and Decor"]
158	Gift and Novelty	123	["Retail","Gift and Novelty"]
159	Glasses and Optometrist	123	["Retail","Glasses and Optometrist"]
160	Hobby and Collectibles	123	["Retail","Hobby and Collectibles"]
161	Luggage	123	["Retail","Luggage"]
162	Music, Video and DVD	123	["Retail","Music, Video and DVD"]
163	Newsstands	123	["Retail","Newsstands"]
164	Nurseries and Garden Centers	123	["Retail","Nurseries and Garden Centers"]
165	Outlet	123	["Retail","Outlet"]
166	Pawn Shops	123	["Retail","Pawn Shops"]
167	Pets	123	["Retail","Pets"]
168	Photos and Frames	123	["Retail","Photos and Frames"]
169	Shopping Centers and Malls	123	["Retail","Shopping Centers and Malls"]
170	Sporting Goods	123	["Retail","Sporting Goods"]
171	Supermarkets and Groceries	123	["Retail","Supermarkets and Groceries"]
172	Tobacco	123	["Retail","Tobacco"]
173	Toys	123	["Retail","Toys"]
174	Vintage and Thrift	123	["Retail","Vintage and Thrift"]
175	Warehouses and Wholesale Stores	123	["Retail","Warehouses and Wholesale Stores"]
176	Wedding and Bridal	123	["Retail","Wedding and Bridal"]
177	Services and Supplies	1	["Services and Supplies"]
178	Business and Strategy Consulting	177	["Services and Supplies","Business and Strategy Consulting"]
179	Industrial Machinery and Vehicles	177	["Services and Supplies","Industrial Machinery and Vehicles"]
180	Logging and Sawmills	177	["Services and Supplies","Logging and Sawmills"]
181	Metals	177	["Services and Supplies","Metals"]
182	Packaging	177	["Services and Supplies","Packaging"]
183	Petroleum	177	["Services and Supplies","Petroleum"]
184	Plastics	177	["Services and Supplies","Plastics"]
185	Refrigeration and Ice	177	["Services and Supplies","Refrigeration and Ice"]
186	Rubber	177	["Services and Supplies","Rubber"]
187	Scientific	177	["Services and Supplies","Scientific"]
188	Security and Safety	177	["Services and Supplies","Security and Safety"]
189	Telecommunication Services	177	["Services and Supplies","Telecommunication Services"]
190	Textiles	177	["Services and Supplies","Textiles"]
191	Water and Waste Management	177	["Services and Supplies","Water and Waste Management"]
192	Welding	177	["Services and Supplies","Welding"]
193	Advertising and Marketing	177	["Services and Supplies","Advertising and Marketing"]
194	Advertising Agencies and Media Buyers	193	["Services and Supplies","Advertising and Marketing","Advertising Agencies and Media Buyers"]
195	Creative Services	193	["Services and Supplies","Advertising and Marketing","Creative Services"]
196	Direct Mail and Email Marketing Services	193	["Services and Supplies","Advertising and Marketing","Direct Mail and Email Marketing Services"]
197	Market Research and Consulting	193	["Services and Supplies","Advertising and Marketing","Market Research and Consulting"]
198	Online Advertising	193	["Services and Supplies","Advertising and Marketing","Online Advertising"]
199	Print, TV, Radio and Outdoor Advertising	193	["Services and Supplies","Advertising and Marketing","Print, TV, Radio and Outdoor Advertising"]
200	Promotional Items	193	["Services and Supplies","Advertising and Marketing","Promotional Items"]
201	Public Relations	193	["Services and Supplies","Advertising and Marketing","Public Relations"]
202	Search Engine Marketing and Optimization	193	["Services and Supplies","Advertising and Marketing","Search Engine Marketing and Optimization"]
203	Writing, Copywriting and Technical Writing	193	["Services and Supplies","Advertising and Marketing","Writing, Copywriting and Technical Writing"]
204	Agriculture and Forestry	177	["Services and Supplies","Agriculture and Forestry"]
205	Art Restoration	177	["Services and Supplies","Art Restoration"]
206	Audiovisual	177	["Services and Supplies","Audiovisual"]
207	Automation and Control Systems	177	["Services and Supplies","Automation and Control Systems"]
208	Chemicals and Gasses	177	["Services and Supplies","Chemicals and Gasses"]
209	Computers	177	["Services and Supplies","Computers"]
210	Corporate HQ	177	["Services and Supplies","Corporate HQ"]
211	Electrical Equipment	177	["Services and Supplies","Electrical Equipment"]
212	Employment Agencies	177	["Services and Supplies","Employment Agencies"]
213	Engineering	177	["Services and Supplies","Engineering"]
214	Entertainment	177	["Services and Supplies","Entertainment"]
215	Media	214	["Services and Supplies","Entertainment","Media"]
216	Equipment Rental	177	["Services and Supplies","Equipment Rental"]
217	Events and Event Planning	177	["Services and Supplies","Events and Event Planning"]
218	ATMs	221	["Services and Supplies","Financial","Banking and Finance","ATMs"]
219	Financial	177	["Services and Supplies","Financial"]
220	Accounting and Bookkeeping	219	["Services and Supplies","Financial","Accounting and Bookkeeping"]
221	Banking and Finance	219	["Services and Supplies","Financial","Banking and Finance"]
222	Business Brokers and Franchises	219	["Services and Supplies","Financial","Business Brokers and Franchises"]
223	Check Cashing	219	["Services and Supplies","Financial","Check Cashing"]
224	Collections	219	["Services and Supplies","Financial","Collections"]
225	Financial Planning and Investments	219	["Services and Supplies","Financial","Financial Planning and Investments"]
226	Fund Raising	219	["Services and Supplies","Financial","Fund Raising"]
227	Loans and Mortgages	219	["Services and Supplies","Financial","Loans and Mortgages"]
228	Stock Brokers	219	["Services and Supplies","Financial","Stock Brokers"]
229	Student Aid and Grants	219	["Services and Supplies","Financial","Student Aid and Grants"]
230	Food and Beverage	177	["Services and Supplies","Food and Beverage"]
231	Catering	230	["Services and Supplies","Food and Beverage","Catering"]
232	Distribution	230	["Services and Supplies","Food and Beverage","Distribution"]
233	Funeral Services	177	["Services and Supplies","Funeral Services"]
234	Geological	177	["Services and Supplies","Geological"]
235	Home Improvement	177	["Services and Supplies","Home Improvement"]
236	Architects	235	["Services and Supplies","Home Improvement","Architects"]
237	Carpenters	235	["Services and Supplies","Home Improvement","Carpenters"]
238	Carpet and Flooring	235	["Services and Supplies","Home Improvement","Carpet and Flooring"]
239	Contractors	235	["Services and Supplies","Home Improvement","Contractors"]
240	Bathrooms	239	["Services and Supplies","Home Improvement","Contractors","Bathrooms"]
241	Deck and Patio	239	["Services and Supplies","Home Improvement","Contractors","Deck and Patio"]
242	Sewer	239	["Services and Supplies","Home Improvement","Contractors","Sewer"]
243	Doors and Windows	235	["Services and Supplies","Home Improvement","Doors and Windows"]
244	Electricians	235	["Services and Supplies","Home Improvement","Electricians"]
245	Fences, Fireplaces and Garage Doors	235	["Services and Supplies","Home Improvement","Fences, Fireplaces and Garage Doors"]
246	Hardware and Services	235	["Services and Supplies","Home Improvement","Hardware and Services"]
247	Heating, Ventilating and Air Conditioning	235	["Services and Supplies","Home Improvement","Heating, Ventilating and Air Conditioning"]
248	Home Appliances	123	["Retail","Home Appliances"]
249	Home Inspection Services	235	["Services and Supplies","Home Improvement","Home Inspection Services"]
250	Housewares	123	["Retail","Housewares"]
251	Interior Design	235	["Services and Supplies","Home Improvement","Interior Design"]
252	Kitchens	235	["Services and Supplies","Home Improvement","Kitchens"]
253	Landscaping and Gardeners	235	["Services and Supplies","Home Improvement","Landscaping and Gardeners"]
254	Lighting Fixtures	235	["Services and Supplies","Home Improvement","Lighting Fixtures"]
255	Mobile Homes	291	["Services and Supplies","Real Estate","Mobile Homes"]
256	Movers	235	["Services and Supplies","Home Improvement","Movers"]
257	Painting	235	["Services and Supplies","Home Improvement","Painting"]
258	Pest Control	235	["Services and Supplies","Home Improvement","Pest Control"]
259	Plumbing	235	["Services and Supplies","Home Improvement","Plumbing"]
260	Pools and Spas	235	["Services and Supplies","Home Improvement","Pools and Spas"]
261	Roofers	235	["Services and Supplies","Home Improvement","Roofers"]
262	Storage	177	["Services and Supplies","Storage"]
263	Swimming Pool Maintenance and Services	235	["Services and Supplies","Home Improvement","Swimming Pool Maintenance and Services"]
264	Tree Service	235	["Services and Supplies","Home Improvement","Tree Service"]
265	Upholstery	235	["Services and Supplies","Home Improvement","Upholstery"]
266	Human Resources	177	["Services and Supplies","Human Resources"]
267	Import and Export	177	["Services and Supplies","Import and Export"]
268	Leather	177	["Services and Supplies","Leather"]
269	Legal	177	["Services and Supplies","Legal"]
270	Credit Counseling and Bankruptcy Services	269	["Services and Supplies","Legal","Credit Counseling and Bankruptcy Services"]
271	Immigration	269	["Services and Supplies","Legal","Immigration"]
272	Insurance	177	["Services and Supplies","Insurance"]
273	Machine Shops	177	["Services and Supplies","Machine Shops"]
274	Management	177	["Services and Supplies","Management"]
275	Manufacturing	177	["Services and Supplies","Manufacturing"]
276	Paper	177	["Services and Supplies","Paper"]
277	Personal Care	177	["Services and Supplies","Personal Care"]
278	Dry Cleaning, Ironing and Laundry	277	["Services and Supplies","Personal Care","Dry Cleaning, Ironing and Laundry"]
279	Hair Removal	277	["Services and Supplies","Personal Care","Hair Removal"]
280	Beauty Salons and Barbers	277	["Services and Supplies","Personal Care","Beauty Salons and Barbers"]
281	Manicures and Pedicures	277	["Services and Supplies","Personal Care","Manicures and Pedicures"]
282	Massage Clinics and Therapists	277	["Services and Supplies","Personal Care","Massage Clinics and Therapists"]
283	Piercing	277	["Services and Supplies","Personal Care","Piercing"]
284	Skin Care	277	["Services and Supplies","Personal Care","Skin Care"]
285	Spas	277	["Services and Supplies","Personal Care","Spas"]
286	Tanning Salons	277	["Services and Supplies","Personal Care","Tanning Salons"]
287	Tattooing	277	["Services and Supplies","Personal Care","Tattooing"]
288	Printing, Copying and Signage	177	["Services and Supplies","Printing, Copying and Signage"]
289	Professional Cleaning	177	["Services and Supplies","Professional Cleaning"]
290	Publishing	177	["Services and Supplies","Publishing"]
291	Real Estate	177	["Services and Supplies","Real Estate"]
292	Property Management	291	["Services and Supplies","Real Estate","Property Management"]
293	Real Estate Agents	291	["Services and Supplies","Real Estate","Real Estate Agents"]
294	Real Estate Appraiser	291	["Services and Supplies","Real Estate","Real Estate Appraiser"]
295	Real Estate Development and Title Companies	291	["Services and Supplies","Real Estate","Real Estate Development and Title Companies"]
296	Apartments, Condos, and Houses	291	["Services and Supplies","Real Estate","Apartments, Condos, and Houses"]
297	Boarding Houses	291	["Services and Supplies","Real Estate","Boarding Houses"]
298	Building and Land Surveyors	291	["Services and Supplies","Real Estate","Building and Land Surveyors"]
299	Commercial Real Estate	291	["Services and Supplies","Real Estate","Commercial Real Estate"]
300	Corporate Housing	291	["Services and Supplies","Real Estate","Corporate Housing"]
301	Renewable Energy	177	["Services and Supplies","Renewable Energy"]
302	Repair Services	177	["Services and Supplies","Repair Services"]
303	Shipping, Freight, and Material Transportation	177	["Services and Supplies","Shipping, Freight, and Material Transportation"]
304	Tailors	177	["Services and Supplies","Tailors"]
305	Veterinarians	177	["Services and Supplies","Veterinarians"]
306	Web Design and Development	177	["Services and Supplies","Web Design and Development"]
307	Wholesale	177	["Services and Supplies","Wholesale"]
308	Social	1	["Social"]
309	Arts	308	["Social","Arts"]
310	Art Dealers and Galleries	309	["Social","Arts","Art Dealers and Galleries"]
311	Museums	309	["Social","Arts","Museums"]
312	Bars	308	["Social","Bars"]
313	Hotel Lounges	312	["Social","Bars","Hotel Lounges"]
314	Jazz and Blues Cafes	312	["Social","Bars","Jazz and Blues Cafes"]
315	Sports Bars	312	["Social","Bars","Sports Bars"]
316	Wine Bars	312	["Social","Bars","Wine Bars"]
317	Entertainment	308	["Social","Entertainment"]
318	Adult	317	["Social","Entertainment","Adult"]
319	Arcades and Amusement Parks	317	["Social","Entertainment","Arcades and Amusement Parks"]
320	Billiard and Pool	317	["Social","Entertainment","Billiard and Pool"]
321	Bingo	317	["Social","Entertainment","Bingo"]
322	Bowling	317	["Social","Entertainment","Bowling"]
323	Carnivals	317	["Social","Entertainment","Carnivals"]
324	Casinos and Gaming	317	["Social","Entertainment","Casinos and Gaming"]
325	Circuses	317	["Social","Entertainment","Circuses"]
326	Dance Halls and Saloons	317	["Social","Entertainment","Dance Halls and Saloons"]
327	Fairgrounds and Rodeos	317	["Social","Entertainment","Fairgrounds and Rodeos"]
328	Go Carts	317	["Social","Entertainment","Go Carts"]
329	Hookah Lounges	317	["Social","Entertainment","Hookah Lounges"]
330	Karaoke	317	["Social","Entertainment","Karaoke"]
331	Miniature Golf	317	["Social","Entertainment","Miniature Golf"]
332	Movie Theatres	317	["Social","Entertainment","Movie Theatres"]
333	Music and Show Venues	317	["Social","Entertainment","Music and Show Venues"]
334	Night Clubs	317	["Social","Entertainment","Night Clubs"]
335	Party Centers	317	["Social","Entertainment","Party Centers"]
336	Psychics and Astrologers	317	["Social","Entertainment","Psychics and Astrologers"]
337	Ticket Sales	317	["Social","Entertainment","Ticket Sales"]
338	Food and Dining	308	["Social","Food and Dining"]
339	Bagels and Donuts	338	["Social","Food and Dining","Bagels and Donuts"]
340	Bakeries	338	["Social","Food and Dining","Bakeries"]
341	Breweries	338	["Social","Food and Dining","Breweries"]
342	Cafes, Coffee and Tea Houses	338	["Social","Food and Dining","Cafes, Coffee and Tea Houses"]
343	Dessert	338	["Social","Food and Dining","Dessert"]
344	Ice Cream Parlors	338	["Social","Food and Dining","Ice Cream Parlors"]
345	Internet Cafes	338	["Social","Food and Dining","Internet Cafes"]
346	Juice Bars and Smoothies	338	["Social","Food and Dining","Juice Bars and Smoothies"]
347	Restaurants	338	["Social","Food and Dining","Restaurants"]
348	American	347	["Social","Food and Dining","Restaurants","American"]
349	Barbecue	347	["Social","Food and Dining","Restaurants","Barbecue"]
350	Buffets	347	["Social","Food and Dining","Restaurants","Buffets"]
351	Burgers	347	["Social","Food and Dining","Restaurants","Burgers"]
352	Chinese	347	["Social","Food and Dining","Restaurants","Chinese"]
353	Delis	347	["Social","Food and Dining","Restaurants","Delis"]
354	Diners	347	["Social","Food and Dining","Restaurants","Diners"]
355	Fast Food	347	["Social","Food and Dining","Restaurants","Fast Food"]
356	French	347	["Social","Food and Dining","Restaurants","French"]
357	Indian	347	["Social","Food and Dining","Restaurants","Indian"]
358	Italian	347	["Social","Food and Dining","Restaurants","Italian"]
359	Japanese	347	["Social","Food and Dining","Restaurants","Japanese"]
360	Korean	347	["Social","Food and Dining","Restaurants","Korean"]
361	Mexican	347	["Social","Food and Dining","Restaurants","Mexican"]
362	Middle Eastern	347	["Social","Food and Dining","Restaurants","Middle Eastern"]
363	Pizza	347	["Social","Food and Dining","Restaurants","Pizza"]
364	Seafood	347	["Social","Food and Dining","Restaurants","Seafood"]
365	Steakhouses	347	["Social","Food and Dining","Restaurants","Steakhouses"]
366	Sushi	347	["Social","Food and Dining","Restaurants","Sushi"]
367	Thai	347	["Social","Food and Dining","Restaurants","Thai"]
368	Vegan and Vegetarian	347	["Social","Food and Dining","Restaurants","Vegan and Vegetarian"]
369	Social Clubs	308	["Social","Social Clubs"]
370	Wineries and Vineyards	308	["Social","Wineries and Vineyards"]
371	Zoos, Aquariums and Wildlife Sanctuaries	308	["Social","Zoos, Aquariums and Wildlife Sanctuaries"]
372	Sports and Recreation	1	["Sports and Recreation"]
373	Athletic Fields	372	["Sports and Recreation","Athletic Fields"]
374	Baseball	372	["Sports and Recreation","Baseball"]
375	Batting Ranges	374	["Sports and Recreation","Baseball","Batting Ranges"]
376	Basketball	372	["Sports and Recreation","Basketball"]
377	Combat Sports	372	["Sports and Recreation","Combat Sports"]
378	Cycling	372	["Sports and Recreation","Cycling"]
379	Dance	372	["Sports and Recreation","Dance"]
380	Equestrian	372	["Sports and Recreation","Equestrian"]
381	Football	372	["Sports and Recreation","Football"]
382	Golf	372	["Sports and Recreation","Golf"]
383	Gun Ranges	372	["Sports and Recreation","Gun Ranges"]
384	Gymnastics	372	["Sports and Recreation","Gymnastics"]
385	Gyms and Fitness Centers	372	["Sports and Recreation","Gyms and Fitness Centers"]
386	Hockey	372	["Sports and Recreation","Hockey"]
387	Outdoors	372	["Sports and Recreation","Outdoors"]
388	Campgrounds and RV Parks	387	["Sports and Recreation","Outdoors","Campgrounds and RV Parks"]
389	Hiking	387	["Sports and Recreation","Outdoors","Hiking"]
390	Hot Air Balloons	387	["Sports and Recreation","Outdoors","Hot Air Balloons"]
391	Hunting and Fishing	387	["Sports and Recreation","Outdoors","Hunting and Fishing"]
392	Rock Climbing	387	["Sports and Recreation","Outdoors","Rock Climbing"]
393	Skydiving	387	["Sports and Recreation","Outdoors","Skydiving"]
394	Paintball	372	["Sports and Recreation","Paintball"]
395	Personal Trainers	372	["Sports and Recreation","Personal Trainers"]
396	Race Tracks	372	["Sports and Recreation","Race Tracks"]
397	Racquet Sports	372	["Sports and Recreation","Racquet Sports"]
398	Racquetball	397	["Sports and Recreation","Racquet Sports","Racquetball"]
399	Tennis	397	["Sports and Recreation","Racquet Sports","Tennis"]
400	Recreation Centers	372	["Sports and Recreation","Recreation Centers"]
401	Running	372	["Sports and Recreation","Running"]
402	Skating	372	["Sports and Recreation","Skating"]
403	Snow Sports	372	["Sports and Recreation","Snow Sports"]
404	Soccer	372	["Sports and Recreation","Soccer"]
405	Sports Clubs	372	["Sports and Recreation","Sports Clubs"]
406	Stadiums and Arenas	372	["Sports and Recreation","Stadiums and Arenas"]
407	Swimming Pools	372	["Sports and Recreation","Swimming Pools"]
408	Water Sports	372	["Sports and Recreation","Water Sports"]
409	Boating	408	["Sports and Recreation","Water Sports","Boating"]
410	Canoes and Kayaks	408	["Sports and Recreation","Water Sports","Canoes and Kayaks"]
411	Rafting	408	["Sports and Recreation","Water Sports","Rafting"]
412	Scuba Diving	408	["Sports and Recreation","Water Sports","Scuba Diving"]
413	Swimming	408	["Sports and Recreation","Water Sports","Swimming"]
414	Yoga and Pilates	372	["Sports and Recreation","Yoga and Pilates"]
415	Transportation	1	["Transportation"]
416	Airlines and Aviation Services	415	["Transportation","Airlines and Aviation Services"]
417	Gas Stations	415	["Transportation","Gas Stations"]
418	Parking	415	["Transportation","Parking"]
419	Public Transportation Services	415	["Transportation","Public Transportation Services"]
420	Taxi and Car Services	415	["Transportation","Taxi and Car Services"]
421	Car and Truck Rentals	420	["Transportation","Taxi and Car Services","Car and Truck Rentals"]
422	Charter Buses	420	["Transportation","Taxi and Car Services","Charter Buses"]
423	Limos and Chauffeurs	420	["Transportation","Taxi and Car Services","Limos and Chauffeurs"]
424	Transport Hubs	415	["Transportation","Transport Hubs"]
425	Airports	424	["Transportation","Transport Hubs","Airports"]
426	Bus Stations	424	["Transportation","Transport Hubs","Bus Stations"]
427	Heliports	424	["Transportation","Transport Hubs","Heliports"]
428	Ports	424	["Transportation","Transport Hubs","Ports"]
429	Rail Stations	424	["Transportation","Transport Hubs","Rail Stations"]
430	Travel	1	["Travel"]
431	Cruises	430	["Travel","Cruises"]
432	Lodging	430	["Travel","Lodging"]
433	Bed and Breakfasts	432	["Travel","Lodging","Bed and Breakfasts"]
434	Cottages and Cabins	432	["Travel","Lodging","Cottages and Cabins"]
435	Hostels	432	["Travel","Lodging","Hostels"]
436	Hotels and Motels	432	["Travel","Lodging","Hotels and Motels"]
437	Lodges and Vacation Rentals	432	["Travel","Lodging","Lodges and Vacation Rentals"]
438	Resorts	432	["Travel","Lodging","Resorts"]
439	Tourist Information and Services	430	["Travel","Tourist Information and Services"]
440	Travel Agents and Tour Operators	430	["Travel","Travel Agents and Tour Operators"]
441	Geriatrics	83	["Healthcare","Physicians","Geriatrics"]
442	Discount Stores	123	["Retail","Discount Stores"]
443	Meat and Seafood	149	["Retail","Food and Beverage","Meat and Seafood"]
444	Office Supplies	123	["Retail","Office Supplies"]
445	Party Supplies	123	["Retail","Party Supplies"]
446	Career Counseling	177	["Services and Supplies","Career Counseling"]
447	Construction	177	["Services and Supplies","Construction"]
448	Notary	269	["Services and Supplies","Legal","Notary"]
449	Photography	177	["Services and Supplies","Photography"]
450	Translation Services	177	["Services and Supplies","Translation Services"]
451	Golf Courses	382	["Sports and Recreation","Golf","Golf Courses"]
452	Surfing	408	["Sports and Recreation","Water Sports","Surfing"]
453	Embassies	37	["Community and Government","Government Departments and Agencies","Embassies"]
454	Infrastructure	460	["Services and Supplies","Technology","Infrastructure"]
455	Mobile	460	["Services and Supplies","Technology","Mobile"]
456	Advertising	460	["Services and Supplies","Technology","Advertising"]
457	Asian	347	["Social","Food and Dining","Restaurants","Asian"]
458	Food Trucks	347	["Social","Food and Dining","Restaurants","Food Trucks"]
459	Rest Areas	415	["Transportation","Rest Areas"]
460	Technology	177	["Services and Supplies","Technology"]
